Time,Yaw,Yaw_Target,Yaw_Error,Servo_Cmd,X_Position,Y_Position,Altitude,Velocity_Z,Distance_To_Target
0.000000,100.987145,222.347675,133.347675,15.000000,1096.938470,1022.751943,748.500000,-15.000000,1146.033595
0.100000,112.981189,222.377520,121.390374,15.000000,1096.676171,1023.525288,747.000000,-15.000000,1146.494805
0.200000,125.000798,222.414894,109.433705,15.000000,1096.109330,1024.167821,745.500000,-15.000000,1146.822527
0.300000,136.997443,222.457695,97.456897,15.000000,1095.486983,1024.708809,744.000000,-15.000000,1146.837745
0.400000,149.003750,222.498627,85.501184,15.000000,1094.848924,1025.107967,742.500000,-15.000000,1146.744076
0.500000,161.013776,222.534875,73.531125,15.000000,1094.056933,1025.365099,741.000000,-15.000000,1146.543529
0.600000,173.001997,222.571112,61.557336,15.000000,1093.305649,1025.438277,739.500000,-15.000000,1146.133999
0.700000,175.809535,222.599226,49.597229,3.513601,1092.601000,1025.504537,738.000000,-15.000000,1145.630367
0.800000,187.806528,222.625530,46.815995,15.000000,1091.859735,1025.392457,736.500000,-15.000000,1145.156641
0.900000,175.808135,222.646531,34.840003,-15.000000,1090.959545,1025.360644,735.000000,-15.000000,1144.535397
1.000000,187.798434,222.675907,46.867772,15.000000,1090.149894,1025.236807,733.500000,-15.000000,1143.851863
1.100000,175.783627,222.698851,34.900416,-15.000000,1089.460463,1025.297452,732.000000,-15.000000,1143.172757
1.200000,187.802767,222.724528,46.940900,15.000000,1088.726645,1025.217288,730.500000,-15.000000,1142.707315
1.300000,175.801346,222.746550,34.943783,-15.000000,1087.727105,1025.247443,729.000000,-15.000000,1142.113929
1.400000,187.789691,222.781718,46.980372,15.000000,1086.896165,1025.153460,727.500000,-15.000000,1141.400587
1.500000,175.786036,222.806601,35.016910,-15.000000,1086.107844,1025.210578,726.000000,-15.000000,1140.726996
1.600000,187.783859,222.835626,47.049589,15.000000,1085.262683,1025.089445,724.500000,-15.000000,1140.187602
1.700000,175.772041,222.860052,35.076193,-15.000000,1084.406095,1025.152707,723.000000,-15.000000,1139.485585
1.800000,187.769911,222.891698,47.119657,15.000000,1083.541353,1025.122741,721.500000,-15.000000,1138.900895
1.900000,175.768555,222.920219,35.150308,-15.000000,1082.748884,1025.183165,720.000000,-15.000000,1138.247096
2.000000,187.763220,222.949624,47.181069,15.000000,1082.064905,1025.031867,718.500000,-15.000000,1137.708066
2.100000,175.768928,222.967526,35.204307,-15.000000,1081.183756,1025.084391,717.000000,-15.000000,1137.104394
2.200000,187.773763,222.999742,47.230814,15.000000,1080.514321,1025.012432,715.500000,-15.000000,1136.495600
2.300000,175.767611,223.020115,35.246352,-15.000000,1079.874686,1025.122099,714.000000,-15.000000,1135.957000
2.400000,187.777290,223.046179,47.278568,15.000000,1079.156666,1024.957489,712.500000,-15.000000,1135.564293
2.500000,175.794292,223.064849,35.287559,-15.000000,1078.413630,1025.003145,711.000000,-15.000000,1134.927261
2.600000,187.798370,223.092159,47.297867,15.000000,1077.596502,1024.904131,709.500000,-15.000000,1134.415716
2.700000,175.807040,223.116716,35.318347,-15.000000,1076.875310,1024.962980,708.000000,-15.000000,1133.751464
2.800000,187.802542,223.143810,47.336770,15.000000,1075.964571,1024.843116,706.500000,-15.000000,1133.265371
2.900000,175.803112,223.170893,35.368351,-15.000000,1075.174065,1024.902471,705.000000,-15.000000,1132.519019
3.000000,187.808238,223.200459,47.397347,15.000000,1074.379157,1024.794018,703.500000,-15.000000,1131.983250
3.100000,175.804741,223.224014,35.415776,-15.000000,1073.679051,1024.873958,702.000000,-15.000000,1131.329644
3.200000,187.796834,223.251258,47.446517,15.000000,1072.897841,1024.755325,700.500000,-15.000000,1130.874366
3.300000,175.794285,223.274013,35.477179,-15.000000,1072.002523,1024.817049,699.000000,-15.000000,1130.224168
3.400000,187.788119,223.307422,47.513136,15.000000,1071.267708,1024.719292,697.500000,-15.000000,1129.614805
3.500000,175.775911,223.329390,35.541271,-15.000000,1070.356777,1024.807458,696.000000,-15.000000,1129.013122
3.600000,187.761046,223.364385,47.588474,15.000000,1069.606551,1024.741140,694.500000,-15.000000,1128.411201
3.700000,175.748488,223.388105,35.627059,-15.000000,1068.657388,1024.799791,693.000000,-15.000000,1127.820345
3.800000,187.751960,223.423415,47.674927,15.000000,1067.818459,1024.715356,691.500000,-15.000000,1127.171076
3.900000,175.742311,223.449626,35.697666,-15.000000,1067.253538,1024.729814,690.000000,-15.000000,1126.503846
4.000000,187.746236,223.469927,47.727616,15.000000,1066.570091,1024.573233,688.500000,-15.000000,1126.103738
4.100000,175.747113,223.488078,35.741842,-15.000000,1065.786511,1024.620612,687.000000,-15.000000,1125.500070
4.200000,187.741350,223.517294,47.770181,15.000000,1065.044092,1024.514484,685.500000,-15.000000,1124.964321
4.300000,175.755263,223.539423,35.798073,-15.000000,1064.237267,1024.571876,684.000000,-15.000000,1124.352951
4.400000,187.761677,223.569880,47.814617,15.000000,1063.397168,1024.455637,682.500000,-15.000000,1123.807776
4.500000,175.749584,223.595123,35.833446,-15.000000,1062.548075,1024.500850,681.000000,-15.000000,1123.119088
4.600000,187.754865,223.626679,47.877095,15.000000,1061.584756,1024.430344,679.500000,-15.000000,1122.535496
4.700000,175.748160,223.658019,35.903154,-15.000000,1060.752780,1024.470999,678.000000,-15.000000,1121.789719
4.800000,187.760714,223.688873,47.940713,15.000000,1059.974457,1024.356431,676.500000,-15.000000,1121.216036
4.900000,175.762159,223.712126,35.951412,-15.000000,1059.146777,1024.400445,675.000000,-15.000000,1120.574185
5.000000,187.759026,223.743013,47.980854,15.000000,1058.324614,1024.261905,673.500000,-15.000000,1120.006498
5.100000,175.762974,223.766988,36.007962,-15.000000,1057.689699,1024.456857,672.000000,-15.000000,1119.316836
5.200000,187.759600,223.796684,48.033711,15.000000,1056.968842,1024.362787,670.500000,-15.000000,1118.993330
5.300000,175.765627,223.818765,36.059165,-15.000000,1056.100130,1024.426320,669.000000,-15.000000,1118.407993
5.400000,187.778498,223.851944,48.086317,15.000000,1055.237107,1024.305048,667.500000,-15.000000,1117.825364
5.500000,175.769024,223.878124,36.099627,-15.000000,1054.402276,1024.377859,666.000000,-15.000000,1117.119111
5.600000,187.771933,223.910510,48.141486,15.000000,1053.631772,1024.270329,664.500000,-15.000000,1116.567996
5.700000,175.778169,223.933969,36.162036,-15.000000,1052.917102,1024.402593,663.000000,-15.000000,1115.938424
5.800000,187.780474,223.964330,48.186161,15.000000,1052.088789,1024.323015,661.500000,-15.000000,1115.515687
5.900000,175.765019,223.990938,36.210464,-15.000000,1051.334542,1024.377530,660.000000,-15.000000,1114.864367
6.000000,187.766571,224.019889,48.254870,15.000000,1050.371413,1024.205199,658.500000,-15.000000,1114.359730
6.100000,175.763081,224.047950,36.281379,-15.000000,1049.519991,1024.204040,657.000000,-15.000000,1113.547524
6.200000,187.757938,224.078382,48.315301,15.000000,1048.667003,1024.015087,655.500000,-15.000000,1112.934909
6.300000,175.775393,224.101958,36.344020,-15.000000,1048.101977,1024.011032,654.000000,-15.000000,1112.190782
6.400000,187.781699,224.122072,48.346679,15.000000,1047.540155,1023.957215,652.500000,-15.000000,1111.782283
6.500000,175.791252,224.140246,36.358547,-15.000000,1046.770267,1023.993034,651.000000,-15.000000,1111.341563
6.600000,187.805388,224.169227,48.377975,15.000000,1046.063415,1023.909396,649.500000,-15.000000,1110.814149
6.700000,175.814721,224.191548,36.386160,-15.000000,1045.251187,1023.971680,648.000000,-15.000000,1110.248942
6.800000,187.828238,224.223086,48.408365,15.000000,1044.661500,1023.787754,646.500000,-15.000000,1109.710148
6.900000,175.824841,224.237523,36.409285,-15.000000,1043.941528,1023.753382,645.000000,-15.000000,1109.159316
7.000000,187.828309,224.262209,48.437368,15.000000,1043.298561,1023.660279,643.500000,-15.000000,1108.619613
7.100000,175.840037,224.281965,36.453656,-15.000000,1042.438806,1023.764002,642.000000,-15.000000,1108.094235
7.200000,187.855012,224.316859,48.476822,15.000000,1041.541597,1023.768554,640.500000,-15.000000,1107.551350
7.300000,175.861653,224.349473,36.494461,-15.000000,1040.809521,1023.881437,639.000000,-15.000000,1106.912767
7.400000,187.887565,224.380152,48.518499,15.000000,1039.875287,1023.808659,637.500000,-15.000000,1106.468336
7.500000,175.895078,224.411315,36.523749,-15.000000,1039.068231,1023.869225,636.000000,-15.000000,1105.749886
7.600000,187.881218,224.442837,48.547759,15.000000,1038.392420,1023.811811,634.500000,-15.000000,1105.215930
7.700000,175.872267,224.465254,36.584036,-15.000000,1037.608622,1023.870370,633.000000,-15.000000,1104.693317
7.800000,187.864357,224.495912,48.623645,15.000000,1036.715271,1023.768134,631.500000,-15.000000,1104.175118
7.900000,175.870701,224.524635,36.660278,-15.000000,1035.972668,1023.767843,630.000000,-15.000000,1103.466376
8.000000,187.872460,224.551675,48.680974,15.000000,1035.202645,1023.671636,628.500000,-15.000000,1102.936856
8.100000,175.868327,224.576190,36.703730,-15.000000,1034.531187,1023.753408,627.000000,-15.000000,1102.320731
8.200000,187.859593,224.603724,48.735397,15.000000,1033.731907,1023.642893,625.500000,-15.000000,1101.899959
8.300000,175.868143,224.628831,36.769238,-15.000000,1032.794791,1023.717187,624.000000,-15.000000,1101.253390
8.400000,187.881615,224.665854,48.797711,15.000000,1031.991492,1023.606063,622.500000,-15.000000,1100.638891
8.500000,175.869368,224.691151,36.809536,-15.000000,1031.306436,1023.645456,621.000000,-15.000000,1099.989561
8.600000,187.839719,224.717716,48.848348,15.000000,1030.505668,1023.533424,619.500000,-15.000000,1099.530372
8.700000,175.837961,224.742942,36.903223,-15.000000,1029.828007,1023.595723,618.000000,-15.000000,1098.882640
8.800000,187.839238,224.770132,48.932171,15.000000,1028.910399,1023.517743,616.500000,-15.000000,1098.445293
8.900000,175.836849,224.800973,36.961734,-15.000000,1027.972224,1023.654469,615.000000,-15.000000,1097.739089
9.000000,187.831562,224.840562,49.003713,15.000000,1027.232401,1023.537637,613.500000,-15.000000,1097.170004
9.100000,175.822478,224.863491,37.031929,-15.000000,1026.569865,1023.601360,612.000000,-15.000000,1096.563122
9.200000,187.821814,224.890281,49.067804,15.000000,1025.918643,1023.688720,610.500000,-15.000000,1096.138595
9.300000,175.836604,224.917550,37.095736,-15.000000,1025.170788,1023.744105,609.000000,-15.000000,1095.739009
9.400000,187.829571,224.947226,49.110621,15.000000,1024.605002,1023.565636,607.500000,-15.000000,1095.248689
9.500000,175.854473,224.961534,37.131963,-15.000000,1023.694740,1023.674690,606.000000,-15.000000,1094.722203
9.600000,187.841459,224.999258,49.144784,15.000000,1022.977786,1023.497208,604.500000,-15.000000,1094.155417
9.700000,175.821148,225.019244,37.177785,-15.000000,1022.217087,1023.571071,603.000000,-15.000000,1093.523016
9.800000,187.819228,225.050186,49.229038,15.000000,1021.464179,1023.471024,601.500000,-15.000000,1093.037708
9.900000,175.837162,225.074426,37.255199,-15.000000,1020.764926,1023.488513,600.000000,-15.000000,1092.435080
10.000000,187.832899,225.101052,49.263890,15.000000,1019.890782,1023.372606,598.500000,-15.000000,1091.953777
10.100000,175.823824,225.129267,37.296368,-15.000000,1019.170338,1023.418405,597.000000,-15.000000,1091.254784
10.200000,187.821937,225.157784,49.333960,15.000000,1018.370561,1023.312404,595.500000,-15.000000,1090.779097
10.300000,175.812290,225.183660,37.361723,-15.000000,1017.665710,1023.390386,594.000000,-15.000000,1090.140080
10.400000,187.799963,225.212840,49.400550,15.000000,1016.872318,1023.287676,592.500000,-15.000000,1089.698734
10.500000,175.804122,225.238658,37.438695,-15.000000,1016.158634,1023.290974,591.000000,-15.000000,1089.067024
10.600000,187.808321,225.265452,49.461330,15.000000,1015.448260,1023.187463,589.500000,-15.000000,1088.566940
10.700000,175.806740,225.288190,37.479869,-15.000000,1014.649510,1023.245990,588.000000,-15.000000,1087.993516
10.800000,187.800931,225.320267,49.513527,15.000000,1013.796395,1023.152697,586.500000,-15.000000,1087.473326
10.900000,175.803082,225.348788,37.547857,-15.000000,1013.052178,1023.155833,585.000000,-15.000000,1086.807263
11.000000,187.815343,225.376829,49.573747,15.000000,1012.416079,1023.052199,583.500000,-15.000000,1086.286596
11.100000,175.820252,225.396879,37.581536,-15.000000,1011.615243,1023.108888,582.000000,-15.000000,1085.766080
11.200000,187.817599,225.429084,49.608831,15.000000,1010.752744,1022.970547,580.500000,-15.000000,1085.244272
11.300000,175.836749,225.456415,37.638815,-15.000000,1010.039321,1023.080630,579.000000,-15.000000,1084.540550
11.400000,187.847542,225.487368,49.650619,15.000000,1009.037495,1023.073546,577.500000,-15.000000,1084.118734
11.500000,175.860318,225.524886,37.677345,-15.000000,1008.218998,1023.127884,576.000000,-15.000000,1083.411568
11.600000,187.867388,225.557803,49.697485,15.000000,1007.410246,1023.019904,574.500000,-15.000000,1082.877082
11.700000,175.870245,225.584369,37.716981,-15.000000,1006.730911,1023.070294,573.000000,-15.000000,1082.233825
11.800000,187.864387,225.611937,49.741692,15.000000,1006.037070,1022.950406,571.500000,-15.000000,1081.794506
11.900000,175.865026,225.633768,37.769381,-15.000000,1005.185102,1022.990890,570.000000,-15.000000,1081.223557
12.000000,187.864273,225.667561,49.802535,15.000000,1004.388307,1022.880606,568.500000,-15.000000,1080.656955
12.100000,175.858329,225.693708,37.829435,-15.000000,1003.432821,1022.927305,567.000000,-15.000000,1080.021365
12.200000,187.867208,225.731735,49.873406,15.000000,1002.635991,1022.818562,565.500000,-15.000000,1079.387620
12.300000,175.877500,225.758009,37.890801,-15.000000,1001.925676,1022.881879,564.000000,-15.000000,1078.753662
12.400000,187.886409,225.787395,49.909895,15.000000,1001.099091,1022.773598,562.500000,-15.000000,1078.303585
12.500000,175.896579,225.814880,37.928471,-15.000000,1000.398015,1022.883126,561.000000,-15.000000,1077.649701
12.600000,187.902901,225.845680,49.949101,15.000000,999.578982,1022.784227,559.500000,-15.000000,1077.239763
12.700000,175.907028,225.873287,37.970386,-15.000000,998.817400,1022.839458,558.000000,-15.000000,1076.598398
12.800000,187.912683,225.904441,49.997412,15.000000,997.947656,1022.752860,556.500000,-15.000000,1076.107953
12.900000,175.903910,225.934508,38.021825,-15.000000,997.376275,1022.763855,555.000000,-15.000000,1075.440691
13.000000,187.916509,225.956797,50.052887,15.000000,996.668181,1022.667133,553.500000,-15.000000,1075.051288
13.100000,175.906324,225.980353,38.063844,-15.000000,995.945426,1022.715572,552.000000,-15.000000,1074.489586
13.200000,187.893464,226.009875,50.103551,15.000000,995.291788,1022.642617,550.500000,-15.000000,1074.022315
13.300000,175.905982,226.032270,38.138805,-15.000000,994.610751,1022.746927,549.000000,-15.000000,1073.515935
13.400000,187.915209,226.062307,50.156325,15.000000,993.918414,1022.608996,547.500000,-15.000000,1073.118345
13.500000,175.915779,226.083827,38.168618,-15.000000,993.180242,1022.671919,546.000000,-15.000000,1072.538702
13.600000,187.905962,226.114578,50.198799,15.000000,992.286675,1022.580840,544.500000,-15.000000,1072.072183
13.700000,175.906289,226.145642,38.239680,-15.000000,991.405799,1022.640531,543.000000,-15.000000,1071.387261
13.800000,187.900686,226.181843,50.275554,15.000000,990.597942,1022.535175,541.500000,-15.000000,1070.820223
13.900000,175.904488,226.209145,38.308459,-15.000000,989.887646,1022.558013,540.000000,-15.000000,1070.184988
14.000000,187.917222,226.237455,50.332966,15.000000,989.028061,1022.452871,538.500000,-15.000000,1069.710060
14.100000,175.911992,226.266829,38.349608,-15.000000,988.155236,1022.542723,537.000000,-15.000000,1069.039715
14.200000,187.926190,226.303979,50.391986,15.000000,987.328819,1022.406371,535.500000,-15.000000,1068.501479
14.300000,175.927316,226.330984,38.404795,-15.000000,986.455118,1022.481534,534.000000,-15.000000,1067.832098
14.400000,187.913349,226.367698,50.440382,15.000000,985.482514,1022.358111,532.500000,-15.000000,1067.283402
14.500000,175.926559,226.400941,38.487592,-15.000000,984.605386,1022.431721,531.000000,-15.000000,1066.523127
14.600000,187.930944,226.437811,50.511251,15.000000,983.820873,1022.322612,529.500000,-15.000000,1065.971780
14.700000,175.931340,226.464340,38.533396,-15.000000,982.994153,1022.373585,528.000000,-15.000000,1065.352191
14.800000,187.925886,226.498478,50.567138,15.000000,982.176584,1022.241692,526.500000,-15.000000,1064.819884
14.900000,175.931453,226.525519,38.599633,-15.000000,981.339058,1022.295178,525.000000,-15.000000,1064.161539
15.000000,187.909348,226.560242,50.628789,15.000000,980.503139,1022.212218,523.500000,-15.000000,1063.624304
15.100000,175.913300,226.589882,38.680534,-15.000000,979.630806,1022.269032,522.000000,-15.000000,1062.989438
15.200000,187.896935,226.626163,50.712864,15.000000,978.849708,1022.157885,520.500000,-15.000000,1062.431443
15.300000,175.881249,226.652682,38.755747,-15.000000,978.092722,1022.201702,519.000000,-15.000000,1061.814342
15.400000,187.876751,226.684023,50.802774,15.000000,977.271446,1022.114587,517.500000,-15.000000,1061.326755
15.500000,175.865779,226.713073,38.836321,-15.000000,976.420671,1022.200867,516.000000,-15.000000,1060.700095
15.600000,187.861146,226.749739,50.883960,15.000000,975.792950,1022.180346,514.500000,-15.000000,1060.179782
15.700000,175.866764,226.773698,38.912553,-15.000000,974.948343,1022.225853,513.000000,-15.000000,1059.734822
15.800000,187.861478,226.808675,50.941911,15.000000,974.154129,1022.116966,511.500000,-15.000000,1059.189722
15.900000,175.853866,226.835982,38.974504,-15.000000,973.352418,1022.173586,510.000000,-15.000000,1058.566868
16.000000,187.865027,226.869746,51.015880,15.000000,972.540999,1022.061273,508.500000,-15.000000,1058.059908
16.100000,175.848961,226.897672,39.032645,-15.000000,971.845059,1022.140054,507.000000,-15.000000,1057.423333
16.200000,187.842588,226.928134,51.079173,15.000000,970.997412,1022.162228,505.500000,-15.000000,1057.005465
16.300000,175.829398,226.962537,39.119949,-15.000000,970.276625,1022.276541,504.000000,-15.000000,1056.442982
16.400000,187.825959,226.995353,51.165956,15.000000,969.383331,1022.117261,502.500000,-15.000000,1056.034787
16.500000,175.818937,227.024923,39.198964,-15.000000,968.654580,1022.180304,501.000000,-15.000000,1055.309168
16.600000,187.805915,227.056218,51.237281,15.000000,967.925435,1022.106668,499.500000,-15.000000,1054.858677
16.700000,175.814365,227.082498,39.276583,-15.000000,967.089047,1022.164385,498.000000,-15.000000,1054.308132
16.800000,187.822377,227.117938,51.303573,15.000000,966.283030,1022.069665,496.500000,-15.000000,1053.781068
16.900000,175.828061,227.146563,39.324187,-15.000000,965.670355,1022.009451,495.000000,-15.000000,1053.163304
17.000000,187.826064,227.168780,51.340719,15.000000,964.835330,1021.911298,493.500000,-15.000000,1052.702546
17.100000,175.826498,227.198496,39.372432,-15.000000,964.169850,1021.916034,492.000000,-15.000000,1052.063021
17.200000,187.828946,227.225274,51.398777,15.000000,963.234105,1021.781033,490.500000,-15.000000,1051.614444
17.300000,175.831634,227.257725,39.428779,-15.000000,962.325073,1021.880395,489.000000,-15.000000,1050.880037
17.400000,187.821925,227.297821,51.466187,15.000000,961.689542,1021.775284,487.500000,-15.000000,1050.336306
17.500000,175.824459,227.319420,39.497496,-15.000000,960.886615,1021.836690,486.000000,-15.000000,1049.828125
17.600000,187.800517,227.353923,51.529465,15.000000,960.121663,1021.729028,484.500000,-15.000000,1049.329146
17.700000,175.801745,227.380679,39.580162,-15.000000,959.241113,1021.818706,483.000000,-15.000000,1048.731838
17.800000,187.810613,227.419417,51.617671,15.000000,958.451073,1021.710626,481.500000,-15.000000,1048.201828
17.900000,175.813893,227.447233,39.636620,-15.000000,957.767029,1021.697476,480.000000,-15.000000,1047.587807
18.000000,187.809107,227.474319,51.660426,15.000000,957.044181,1021.582316,478.500000,-15.000000,1047.115639
18.100000,175.804385,227.499223,39.690116,-15.000000,956.213150,1021.606936,477.000000,-15.000000,1046.542280
18.200000,187.790653,227.533695,51.729310,15.000000,955.434227,1021.499484,475.500000,-15.000000,1045.999176
18.300000,175.780102,227.561211,39.770557,-15.000000,954.696847,1021.528300,474.000000,-15.000000,1045.394137
18.400000,187.778635,227.592116,51.812014,15.000000,953.864723,1021.409769,472.500000,-15.000000,1044.917970
18.500000,175.789582,227.621441,39.842806,-15.000000,952.904811,1021.508789,471.000000,-15.000000,1044.269400
18.600000,187.796735,227.664032,51.874450,15.000000,952.119996,1021.402346,469.500000,-15.000000,1043.695829
18.700000,175.797099,227.691961,39.895226,-15.000000,951.177983,1021.424557,468.000000,-15.000000,1043.088715
18.800000,187.801813,227.731072,51.933973,15.000000,950.453979,1021.309927,466.500000,-15.000000,1042.471300
18.900000,175.791782,227.756294,39.954481,-15.000000,949.597724,1021.389987,465.000000,-15.000000,1041.899602
19.000000,187.807050,227.794131,52.002349,15.000000,948.711098,1021.360563,463.500000,-15.000000,1041.383449
19.100000,175.798398,227.829198,40.022148,-15.000000,947.893839,1021.432957,462.000000,-15.000000,1040.766216
19.200000,187.786191,227.865236,52.066838,15.000000,947.241109,1021.317908,460.500000,-15.000000,1040.271415
19.300000,175.794740,227.887656,40.101465,-15.000000,946.461088,1021.375859,459.000000,-15.000000,1039.748277
19.400000,187.781598,227.921700,52.126960,15.000000,945.667808,1021.267492,457.500000,-15.000000,1039.268379
19.500000,175.781848,227.950174,40.168576,-15.000000,944.965245,1021.363025,456.000000,-15.000000,1038.656461
19.600000,187.769433,227.982494,52.200647,15.000000,943.975643,1021.313772,454.500000,-15.000000,1038.257005
19.700000,175.768590,228.021274,40.251841,-15.000000,943.331927,1021.322661,453.000000,-15.000000,1037.558253
19.800000,187.786734,228.048039,52.279448,15.000000,942.593201,1021.256607,451.500000,-15.000000,1037.134422
19.900000,175.787169,228.075965,40.289231,-15.000000,941.793093,1021.314382,450.000000,-15.000000,1036.591576
20.000000,187.799427,228.111019,52.323851,15.000000,941.011432,1021.200987,448.500000,-15.000000,1036.100168
20.100000,175.785093,228.139028,40.339601,-15.000000,940.276013,1021.264127,447.000000,-15.000000,1035.493970
20.200000,187.795324,228.171679,52.386587,15.000000,939.712992,1021.212814,445.500000,-15.000000,1035.050399
20.300000,175.792063,228.193017,40.397693,-15.000000,938.887019,1021.266755,444.000000,-15.000000,1034.636755
20.400000,187.810845,228.229121,52.437058,15.000000,938.214305,1021.107421,442.500000,-15.000000,1034.126555
20.500000,175.814792,228.251050,40.440205,-15.000000,937.495395,1021.140061,441.000000,-15.000000,1033.559667
20.600000,187.821884,228.282001,52.467209,15.000000,936.586759,1021.003394,439.500000,-15.000000,1033.105470
20.700000,175.964707,228.314594,40.492710,-14.810577,935.658044,1021.123223,438.000000,-15.000000,1032.398960
20.800000,187.965384,228.357531,52.392824,15.000000,934.859813,1021.009881,436.500000,-15.000000,1031.871105
20.900000,176.011158,228.386489,40.421105,-14.931545,933.966096,1021.127594,435.000000,-15.000000,1031.256128
21.000000,188.017762,228.427976,52.416818,15.000000,933.071793,1020.984544,433.500000,-15.000000,1030.750884
21.100000,176.100143,228.459911,40.442149,-14.913054,932.327236,1021.050469,432.000000,-15.000000,1030.050602
21.200000,188.104456,228.493356,52.393213,15.000000,931.498530,1020.939528,430.500000,-15.000000,1029.606373
21.300000,176.154913,228.523819,40.419363,-14.952073,930.622593,1020.933395,429.000000,-15.000000,1028.974248
21.400000,188.143840,228.560157,52.405244,15.000000,929.925062,1020.774711,427.500000,-15.000000,1028.389719
21.500000,176.287208,228.583452,40.439612,-14.845833,929.211643,1020.859093,426.000000,-15.000000,1027.809197
21.600000,188.289323,228.616401,52.329193,15.000000,928.571620,1020.689220,424.500000,-15.000000,1027.400699
21.700000,176.313502,228.636929,40.347606,-15.000000,927.610470,1020.728108,423.000000,-15.000000,1026.850192
21.800000,188.314979,228.678639,52.365137,15.000000,926.840883,1020.622408,421.500000,-15.000000,1026.244496
21.900000,176.302788,228.707027,40.392048,-15.000000,925.951801,1020.590331,420.000000,-15.000000,1025.657095
22.000000,188.294541,228.743183,52.440395,15.000000,925.056097,1020.407798,418.500000,-15.000000,1025.046484
22.100000,176.515894,228.774114,40.479574,-14.727423,924.133556,1020.504553,417.000000,-15.000000,1024.318753
22.200000,188.506299,228.816515,52.300621,15.000000,923.395943,1020.382511,415.500000,-15.000000,1023.783824
22.300000,176.518919,228.843100,40.336801,-15.000000,922.521848,1020.461988,414.000000,-15.000000,1023.206386
22.400000,188.531204,228.882901,52.363982,15.000000,921.762891,1020.323258,412.500000,-15.000000,1022.691210
22.500000,176.550538,228.909839,40.378635,-15.000000,920.879135,1020.337938,411.000000,-15.000000,1022.087718
22.600000,188.561280,228.947739,52.397201,15.000000,920.119406,1020.229258,409.500000,-15.000000,1021.518161
22.700000,176.568192,228.975886,40.414606,-15.000000,919.328195,1020.278493,408.000000,-15.000000,1020.937378
22.800000,188.563968,229.011216,52.443023,15.000000,918.536755,1020.159864,406.500000,-15.000000,1020.455384
22.900000,176.733336,229.040407,40.476439,-14.779798,917.800331,1020.221442,405.000000,-15.000000,1019.846856
23.000000,188.730976,229.073933,52.340597,15.000000,916.939019,1020.111664,403.500000,-15.000000,1019.410787
23.100000,176.750707,229.106488,40.375512,-14.969653,916.209541,1020.192118,402.000000,-15.000000,1018.763776
23.200000,188.748054,229.140477,52.389770,15.000000,915.341477,1020.103035,400.500000,-15.000000,1018.347215
23.300000,176.852311,229.174158,40.426104,-14.857123,914.402962,1020.164727,399.000000,-15.000000,1017.712123
23.400000,188.838724,229.216434,52.364123,15.000000,913.493614,1020.036672,397.500000,-15.000000,1017.145517
23.500000,176.976973,229.250531,40.411807,-14.794908,912.698702,1020.079746,396.000000,-15.000000,1016.454747
23.600000,188.973465,229.286078,52.309104,15.000000,911.847335,1019.952035,394.500000,-15.000000,1015.968692
23.700000,176.975463,229.317793,40.344328,-15.000000,910.954563,1019.995929,393.000000,-15.000000,1015.316715
23.800000,188.975109,229.357635,52.382172,15.000000,910.020526,1019.874863,391.500000,-15.000000,1014.768282
23.900000,177.085803,229.393224,40.418114,-14.876234,909.325640,1019.924956,390.000000,-15.000000,1014.068242
24.000000,189.088549,229.424886,52.339083,15.000000,908.468432,1019.813957,388.500000,-15.000000,1013.654151
24.100000,177.091172,229.457628,40.369079,-15.000000,907.692348,1019.856324,387.000000,-15.000000,1013.012440
24.200000,189.079670,229.492559,52.401387,15.000000,906.739241,1019.765927,385.500000,-15.000000,1012.540361
24.300000,177.316450,229.530268,40.450598,-14.705115,905.765167,1019.680545,384.000000,-15.000000,1011.852762
24.400000,189.311998,229.569117,52.252667,15.000000,904.824808,1019.522273,382.500000,-15.000000,1011.155821
24.500000,177.306275,229.603886,40.291888,-15.000000,903.972556,1019.559261,381.000000,-15.000000,1010.425681
24.600000,189.301107,229.642069,52.335794,15.000000,903.203451,1019.423140,379.500000,-15.000000,1009.901758
24.700000,177.316873,229.670335,40.369229,-14.994066,902.520406,1019.379203,378.000000,-15.000000,1009.300113
24.800000,189.309314,229.698294,52.381420,15.000000,901.653915,1019.238292,376.500000,-15.000000,1008.824682
24.900000,177.429737,229.730670,40.421356,-14.837799,900.833867,1019.275116,375.000000,-15.000000,1008.156920
25.000000,189.433890,229.767602,52.337864,15.000000,899.916971,1019.125240,373.500000,-15.000000,1007.655163
25.100000,177.450943,229.801923,40.368033,-15.000000,899.262567,1019.202336,372.000000,-15.000000,1006.948710
25.200000,189.437403,229.833207,52.382264,15.000000,898.467350,1019.068931,370.500000,-15.000000,1006.585374
25.300000,177.602934,229.862917,40.425514,-14.802976,897.547199,1019.094640,369.000000,-15.000000,1005.970638
25.400000,189.623031,229.903950,52.301016,15.000000,896.766867,1018.954462,367.500000,-15.000000,1005.397404
25.500000,177.614531,229.932841,40.309809,-15.000000,895.959675,1018.982228,366.000000,-15.000000,1004.787712
25.600000,189.617479,229.969103,52.354572,15.000000,895.223199,1018.816555,364.500000,-15.000000,1004.289584
25.700000,177.615974,229.995211,40.377732,-15.000000,894.527272,1018.946662,363.000000,-15.000000,1003.689131
25.800000,189.611727,230.030428,52.414454,15.000000,893.679537,1018.804964,361.500000,-15.000000,1003.341604
25.900000,177.750538,230.062352,40.450624,-14.809391,892.953866,1018.766869,360.000000,-15.000000,1002.688595
26.000000,189.733122,230.092764,52.342225,15.000000,892.264416,1018.572362,358.500000,-15.000000,1002.193680
26.100000,177.803487,230.115879,40.382756,-14.910238,891.300231,1018.523437,357.000000,-15.000000,1001.602244
26.200000,189.810067,230.156434,52.352946,15.000000,890.568447,1018.373661,355.500000,-15.000000,1000.946682
26.300000,177.808137,230.183118,40.373052,-15.000000,889.811048,1018.407215,354.000000,-15.000000,1000.362943
26.400000,189.798236,230.217685,52.409548,15.000000,889.110563,1018.263930,352.500000,-15.000000,999.903908
26.500000,180.883433,230.243291,40.445055,-11.119370,888.291416,1018.238268,351.000000,-15.000000,999.345675
26.600000,192.896951,230.278474,49.395041,15.000000,887.426316,1018.070565,349.500000,-15.000000,998.802267
26.700000,180.912600,230.310518,37.413567,-15.000000,886.604171,1018.060683,348.000000,-15.000000,998.120585
26.800000,192.926084,230.346492,49.433892,15.000000,885.729624,1017.891534,346.500000,-15.000000,997.588133
26.900000,180.931088,230.378987,37.452903,-15.000000,884.951102,1017.873645,345.000000,-15.000000,996.899977
27.000000,192.942066,230.412815,49.481727,15.000000,884.134651,1017.688156,343.500000,-15.000000,996.389902
27.100000,180.936841,230.442218,37.500152,-15.000000,883.318628,1017.681002,342.000000,-15.000000,995.726801
27.200000,192.922871,230.478177,49.541336,15.000000,882.457266,1017.488640,340.500000,-15.000000,995.201792
27.300000,180.927816,230.509404,37.586533,-15.000000,881.578769,1017.472640,339.000000,-15.000000,994.505407
27.400000,192.929030,230.547899,49.620083,15.000000,880.854255,1017.307651,337.500000,-15.000000,993.934603
27.500000,180.929232,230.574120,37.645090,-15.000000,880.092092,1017.311228,336.000000,-15.000000,993.346930
27.600000,192.924209,230.608225,49.678993,15.000000,879.429902,1017.173411,334.500000,-15.000000,992.865834
27.700000,180.920578,230.632723,37.708514,-15.000000,878.575576,1017.137338,333.000000,-15.000000,992.339178
27.800000,192.912107,230.669558,49.748980,15.000000,877.795980,1016.958642,331.500000,-15.000000,991.769605
27.900000,180.905039,230.697870,37.785764,-15.000000,876.995525,1016.946051,330.000000,-15.000000,991.137402
28.000000,192.901094,230.733234,49.828196,15.000000,876.272674,1016.794075,328.500000,-15.000000,990.620832
28.100000,180.890248,230.760055,37.858960,-15.000000,875.304733,1016.823687,327.000000,-15.000000,990.045765
28.200000,192.879153,230.804550,49.914302,15.000000,874.659707,1016.684826,325.500000,-15.000000,989.456707
28.300000,181.002786,230.828428,37.949275,-14.866247,873.873427,1016.662151,324.000000,-15.000000,988.941541
28.400000,192.993818,230.862933,49.860146,15.000000,873.071126,1016.498474,322.500000,-15.000000,988.427491
28.500000,181.060661,230.893036,37.899218,-14.916746,872.469263,1016.428079,321.000000,-15.000000,987.794280
28.600000,193.060023,230.917560,49.856899,15.000000,871.641987,1016.220304,319.500000,-15.000000,987.360108
28.700000,181.071124,230.947244,37.887221,-14.987239,870.568655,1016.381827,318.000000,-15.000000,986.677411
28.800000,193.055524,231.001585,49.930462,15.000000,869.762633,1016.176440,316.500000,-15.000000,986.127051
28.900000,181.238888,231.030491,37.974967,-14.770516,868.956915,1016.157426,315.000000,-15.000000,985.460328
29.000000,193.222959,231.066236,49.827348,15.000000,868.281873,1016.009406,313.500000,-15.000000,984.939015
29.100000,181.246406,231.091384,37.868426,-14.950892,867.571568,1015.993377,312.000000,-15.000000,984.399758
29.200000,193.240186,231.122984,49.876578,15.000000,866.722087,1015.782420,310.500000,-15.000000,983.941307
29.300000,181.335168,231.153805,37.913619,-14.907325,865.885241,1015.772566,309.000000,-15.000000,983.244042
29.400000,193.334404,231.191444,49.856276,15.000000,865.200422,1015.562782,307.500000,-15.000000,982.711684
29.500000,181.331401,231.214906,37.880503,-15.000000,864.590971,1015.470975,306.000000,-15.000000,982.119103
29.600000,193.325441,231.239278,49.907876,15.000000,863.965398,1015.286609,304.500000,-15.000000,981.665867
29.700000,181.387991,231.261023,37.935582,-14.930389,862.980102,1015.330741,303.000000,-15.000000,981.130523
29.800000,193.392303,231.307544,49.919553,15.000000,862.231695,1015.137748,301.500000,-15.000000,980.548697
29.900000,181.426974,231.334645,37.942342,-14.949757,861.429491,1015.117308,300.000000,-15.000000,979.930315
30.000000,193.432698,231.370540,49.943566,15.000000,860.718412,1014.988906,298.500000,-15.000000,979.413354
30.100000,181.489383,231.398363,37.965665,-14.918912,859.800760,1014.997512,297.000000,-15.000000,978.869248
30.200000,193.495402,231.440678,49.951295,15.000000,859.043137,1014.815189,295.500000,-15.000000,978.303716
30.300000,181.584477,231.468736,37.973334,-14.907762,858.394162,1014.931076,294.000000,-15.000000,977.689018
30.400000,193.586478,231.502729,49.918252,15.000000,857.828246,1014.762638,292.500000,-15.000000,977.375571
30.500000,181.598871,231.522557,37.936079,-14.988924,857.026506,1014.740056,291.000000,-15.000000,976.891534
30.600000,193.594430,231.558564,49.959693,15.000000,856.221943,1014.563666,289.500000,-15.000000,976.375201
30.700000,181.766155,231.589128,37.994698,-14.797917,855.624412,1014.467490,288.000000,-15.000000,975.736975
30.800000,193.771562,231.613124,49.846968,15.000000,854.966926,1014.206250,286.500000,-15.000000,975.290455
30.900000,181.752145,231.633883,37.862321,-15.000000,854.054329,1014.213519,285.000000,-15.000000,974.677472
31.000000,193.757248,231.676235,49.924089,15.000000,853.168372,1014.018986,283.500000,-15.000000,974.117002
31.100000,181.845205,231.710045,37.952797,-14.898557,852.512255,1013.876243,282.000000,-15.000000,973.415172
31.200000,193.856139,231.735164,49.889960,15.000000,851.795402,1013.707445,280.500000,-15.000000,972.896671
31.300000,181.859741,231.762171,37.906032,-15.000000,851.084563,1013.670414,279.000000,-15.000000,972.320301
31.400000,193.864028,231.793736,49.933995,15.000000,850.449914,1013.568165,277.500000,-15.000000,971.851405
31.500000,181.913151,231.819421,37.955393,-14.938520,849.673936,1013.540252,276.000000,-15.000000,971.378629
31.600000,193.919631,231.854400,49.941249,15.000000,848.888483,1013.346888,274.500000,-15.000000,970.877204
31.700000,181.993063,231.883825,37.964194,-14.916033,848.091283,1013.318305,273.000000,-15.000000,970.240118
31.800000,193.980589,231.919841,49.926778,15.000000,847.317628,1013.124327,271.500000,-15.000000,969.725743
31.900000,182.159369,231.948772,37.968183,-14.799296,846.440405,1013.097371,270.000000,-15.000000,969.096015
32.000000,194.164208,231.988654,49.829285,15.000000,845.709357,1012.939747,268.500000,-15.000000,968.534333
32.100000,182.167281,232.017002,37.852793,-15.000000,845.078044,1012.879412,267.000000,-15.000000,967.960069
32.200000,194.159975,232.044270,49.876989,15.000000,844.225980,1012.656856,265.500000,-15.000000,967.524096
32.300000,182.241352,232.075973,37.915997,-14.891953,843.467667,1012.612861,264.000000,-15.000000,966.824698
32.400000,194.240985,232.109837,49.868484,15.000000,842.615081,1012.436109,262.500000,-15.000000,966.324091
32.500000,182.275678,232.143319,37.902334,-14.943403,841.954528,1012.274994,261.000000,-15.000000,965.661149
32.600000,194.273819,232.168410,49.892733,15.000000,841.314338,1012.110523,259.500000,-15.000000,965.128660
32.700000,182.317327,232.192452,37.918633,-14.966650,840.546219,1012.063248,258.000000,-15.000000,964.606187
32.800000,194.311664,232.226796,49.909469,15.000000,839.951817,1011.844905,256.500000,-15.000000,964.098144
32.900000,182.369097,232.246781,37.935117,-14.943432,839.152534,1011.811834,255.000000,-15.000000,963.561521
33.000000,194.355884,232.283174,49.914077,15.000000,838.387925,1011.612449,253.500000,-15.000000,963.046198
33.100000,182.509289,232.311921,37.956036,-14.814192,837.685792,1011.548664,252.000000,-15.000000,962.420840
33.200000,194.489471,232.342693,49.833403,15.000000,836.921202,1011.346486,250.500000,-15.000000,961.941244
33.300000,182.572545,232.371408,37.881937,-14.885891,836.197054,1011.311474,249.000000,-15.000000,961.314188
33.400000,194.588108,232.404333,49.831788,15.000000,835.402939,1011.113842,247.500000,-15.000000,960.844497
33.500000,182.584144,232.434683,37.846575,-15.000000,834.498132,1011.156369,246.000000,-15.000000,960.203562
33.600000,194.574014,232.479050,49.894906,15.000000,833.731161,1010.954726,244.500000,-15.000000,959.685930
33.700000,182.674539,232.508054,37.934041,-14.864130,832.920038,1010.914249,243.000000,-15.000000,959.058999
33.800000,194.677981,232.545051,49.870512,15.000000,832.089435,1010.702098,241.500000,-15.000000,958.533393
33.900000,182.704335,232.576774,37.898793,-14.982122,831.338055,1010.669407,240.000000,-15.000000,957.860007
34.000000,194.704695,232.611297,49.906962,15.000000,830.536402,1010.454137,238.500000,-15.000000,957.377606
34.100000,182.792130,232.641614,37.936919,-14.914884,829.580438,1010.450762,237.000000,-15.000000,956.719922
34.200000,194.791749,232.687025,49.894895,15.000000,828.871147,1010.232336,235.500000,-15.000000,956.137461
34.300000,182.833878,232.712912,37.921163,-14.960648,828.171258,1010.203319,234.000000,-15.000000,955.533888
34.400000,194.813511,232.745262,49.911384,15.000000,827.367129,1010.007139,232.500000,-15.000000,955.086954
34.500000,183.027693,232.776555,37.963044,-14.745473,826.456875,1010.002731,231.000000,-15.000000,954.444159
34.600000,195.025885,232.819932,49.792238,15.000000,825.625529,1009.811402,229.500000,-15.000000,953.890287
34.700000,183.016702,232.852794,37.826909,-15.000000,824.932697,1009.787607,228.000000,-15.000000,953.235604
34.800000,195.029399,232.885139,49.868437,15.000000,824.193795,1009.587492,226.500000,-15.000000,952.798412
34.900000,183.048150,232.913328,37.883930,-15.000000,823.486876,1009.578311,225.000000,-15.000000,952.193086
35.000000,195.041335,232.946943,49.898793,15.000000,822.760380,1009.346790,223.500000,-15.000000,951.759638
35.100000,183.131480,232.973466,37.932131,-14.901772,822.123362,1009.271581,222.000000,-15.000000,951.137215
35.200000,195.140907,233.001387,49.869907,15.000000,821.387441,1009.103599,220.500000,-15.000000,950.693681
35.300000,183.138972,233.030734,37.889826,-15.000000,820.625428,1009.052418,219.000000,-15.000000,950.116773
35.400000,195.138492,233.065610,49.926638,15.000000,819.765784,1008.905674,217.500000,-15.000000,949.617793
35.500000,183.277788,233.101773,37.963281,-14.835224,818.941900,1008.844685,216.000000,-15.000000,948.984125
35.600000,195.273858,233.139363,49.861575,15.000000,818.102465,1008.627813,214.500000,-15.000000,948.440900
35.700000,183.337034,233.172100,37.898242,-14.932630,817.256455,1008.555709,213.000000,-15.000000,947.763984
35.800000,195.337710,233.210449,49.873414,15.000000,816.383161,1008.296247,211.500000,-15.000000,947.199371
35.900000,183.365423,233.243379,37.905669,-14.947965,815.449882,1008.212243,210.000000,-15.000000,946.468744
36.000000,195.361407,233.285629,49.920206,15.000000,814.654430,1008.004405,208.500000,-15.000000,945.843208
36.100000,183.463438,233.316750,37.955344,-14.856160,813.954094,1007.970019,207.000000,-15.000000,945.201197
36.200000,195.461886,233.349565,49.886127,15.000000,813.014084,1007.793627,205.500000,-15.000000,944.755402
36.300000,183.586018,233.388946,37.927060,-14.863815,812.171503,1007.737385,204.000000,-15.000000,944.052986
36.400000,195.569430,233.427981,49.841963,15.000000,811.350041,1007.463868,202.500000,-15.000000,943.505561
36.500000,183.670238,233.458170,37.888740,-14.886231,810.562882,1007.411967,201.000000,-15.000000,942.796574
36.600000,195.662268,233.494745,49.824507,15.000000,809.863417,1007.168982,199.500000,-15.000000,942.286385
36.700000,183.670850,233.520159,37.857891,-15.000000,809.214868,1007.089194,198.000000,-15.000000,941.675057
36.800000,195.661439,233.549015,49.878165,15.000000,808.478160,1006.876166,196.500000,-15.000000,941.225433
36.900000,183.738451,233.577402,37.915962,-14.899272,807.806506,1006.777731,195.000000,-15.000000,940.616492
37.000000,195.748257,233.606777,49.868326,15.000000,806.980809,1006.561758,193.500000,-15.000000,940.138624
37.100000,183.738027,233.639497,37.891240,-15.000000,806.305798,1006.409950,192.000000,-15.000000,939.475022
37.200000,195.724973,233.667176,49.929149,15.000000,805.612646,1006.190268,190.500000,-15.000000,938.952690
37.300000,183.894832,233.693324,37.968351,-14.812259,804.755525,1006.150181,189.000000,-15.000000,938.365139
37.400000,195.896308,233.734073,49.839241,15.000000,803.862599,1005.865414,187.500000,-15.000000,937.825564
37.500000,183.896620,233.767793,37.871485,-14.999310,802.863653,1005.797362,186.000000,-15.000000,937.067928
37.600000,195.898027,233.814634,49.918015,15.000000,801.973960,1005.589128,184.500000,-15.000000,936.422913
37.700000,184.011162,233.851075,37.953048,-14.860224,801.194870,1005.540950,183.000000,-15.000000,935.729760
37.800000,196.002586,233.887876,49.876713,15.000000,800.360319,1005.330794,181.500000,-15.000000,935.231475
37.900000,184.084990,233.921616,37.919030,-14.867558,799.683251,1005.425066,180.000000,-15.000000,934.570002
38.000000,196.080084,233.958580,49.873590,15.000000,798.943484,1005.220491,178.500000,-15.000000,934.247669
38.100000,184.136852,233.987902,37.907818,-14.932906,798.093043,1005.160304,177.000000,-15.000000,933.647117
38.200000,196.133007,234.027970,49.891118,15.000000,797.391049,1005.024615,175.500000,-15.000000,933.098638
38.300000,184.180632,234.057978,37.924970,-14.909430,796.537138,1004.948194,174.000000,-15.000000,932.576608
38.400000,196.175447,234.097720,49.917088,15.000000,795.687853,1004.712580,172.500000,-15.000000,932.013744
38.500000,184.303800,234.131542,37.956095,-14.831815,794.832894,1004.670411,171.000000,-15.000000,931.325030
38.600000,196.302973,234.172669,49.868870,15.000000,794.058516,1004.445772,169.500000,-15.000000,930.790154
38.700000,184.328252,234.203244,37.900271,-14.961181,793.313032,1004.384717,168.000000,-15.000000,930.154876
38.800000,196.324069,234.238309,49.910057,15.000000,792.487497,1004.191713,166.500000,-15.000000,929.669486
38.900000,184.443406,234.272666,37.948597,-14.845864,791.674433,1004.134821,165.000000,-15.000000,929.030583
39.000000,196.442649,234.311346,49.867940,15.000000,790.895059,1003.905894,163.500000,-15.000000,928.509838
39.100000,184.462655,234.342187,37.899538,-14.961103,790.038152,1003.842945,162.000000,-15.000000,927.869366
39.200000,196.477562,234.382938,49.920283,15.000000,789.391732,1003.695919,160.500000,-15.000000,927.318926
39.300000,184.478088,234.410131,37.932569,-15.000000,788.553521,1003.624141,159.000000,-15.000000,926.823057
39.400000,196.480349,234.449710,49.971622,15.000000,787.798973,1003.393662,157.500000,-15.000000,926.277087
39.500000,184.618816,234.479415,37.999066,-14.836739,787.060227,1003.350644,156.000000,-15.000000,925.650984
39.600000,196.617008,234.515103,49.896287,15.000000,786.454775,1003.179715,154.500000,-15.000000,925.186944
39.700000,184.653502,234.539502,37.922494,-14.959014,785.638426,1003.107322,153.000000,-15.000000,924.696388
39.800000,196.663594,234.578123,49.924620,15.000000,784.824533,1002.849575,151.500000,-15.000000,924.164034
39.900000,184.699454,234.610004,37.946410,-14.949649,784.059837,1002.759792,150.000000,-15.000000,923.482411
40.000000,196.694842,234.645476,49.946022,15.000000,783.514136,1002.576909,148.500000,-15.000000,922.966529
40.100000,184.778049,234.666546,37.971704,-14.888350,782.750497,1002.470362,147.000000,-15.000000,922.501674
40.200000,196.792218,234.701431,49.923382,15.000000,782.023501,1002.232864,145.500000,-15.000000,921.973285
40.300000,184.788608,234.729794,37.937577,-15.000000,781.218985,1002.164130,144.000000,-15.000000,921.359478
40.400000,196.781749,234.768194,49.979586,15.000000,780.466434,1001.927962,142.500000,-15.000000,920.839014
40.500000,184.969024,234.797985,38.016236,-14.755748,779.746521,1001.855387,141.000000,-15.000000,920.212094
40.600000,196.984201,234.832025,49.863001,15.000000,778.973862,1001.625791,139.500000,-15.000000,919.737951
40.700000,184.970907,234.863155,37.878954,-15.000000,778.222122,1001.524801,138.000000,-15.000000,919.105368
40.800000,196.989218,234.897875,49.926967,15.000000,777.632228,1001.258824,136.500000,-15.000000,918.590299
40.900000,184.987936,234.918450,37.929232,-15.000000,776.842614,1001.196073,135.000000,-15.000000,918.033544
41.000000,196.993767,234.956548,49.968612,15.000000,775.904331,1000.952721,133.500000,-15.000000,917.528571
41.100000,185.151557,234.995824,38.002057,-14.796242,775.042279,1000.883773,132.000000,-15.000000,916.790791
41.200000,197.164184,235.037507,49.885949,15.000000,774.154031,1000.605493,130.500000,-15.000000,916.240053
41.300000,185.168528,235.073084,37.908900,-14.998944,773.343113,1000.542869,129.000000,-15.000000,915.503170
41.400000,197.156778,235.112472,49.943943,15.000000,772.669909,1000.293013,127.500000,-15.000000,914.987766
41.500000,185.309270,235.138119,37.981340,-14.803607,772.043123,1000.225826,126.000000,-15.000000,914.397856
41.600000,197.316603,235.167951,49.858681,15.000000,771.266964,999.983924,124.500000,-15.000000,913.984579
41.700000,185.330739,235.199250,37.882647,-15.000000,770.618201,999.885629,123.000000,-15.000000,913.342835
41.800000,197.333450,235.229165,49.898426,15.000000,769.884121,999.645474,121.500000,-15.000000,912.891981
41.900000,185.366360,235.258435,37.924985,-14.953171,769.119837,999.577436,120.000000,-15.000000,912.276183
42.000000,197.342371,235.295463,49.929103,15.000000,768.232388,999.255901,118.500000,-15.000000,911.784918
42.100000,185.614215,235.329834,37.987464,-14.668640,767.400524,999.152031,117.000000,-15.000000,911.015485
42.200000,197.609287,235.369171,49.754956,15.000000,766.646640,998.912273,115.500000,-15.000000,910.457065
42.300000,185.599442,235.399654,37.790368,-15.000000,765.675876,998.781474,114.000000,-15.000000,909.831492
42.400000,197.591884,235.445331,49.845889,15.000000,764.935523,998.537476,112.500000,-15.000000,909.172869
42.500000,185.638863,235.475055,37.883171,-14.951553,764.187866,998.514717,111.000000,-15.000000,908.552115
42.600000,197.648574,235.513106,49.874243,15.000000,763.508628,998.305290,109.500000,-15.000000,908.109819
42.700000,185.665971,235.540965,37.892391,-15.000000,762.768932,998.203227,108.000000,-15.000000,907.552708
42.800000,197.652471,235.575843,49.909872,15.000000,762.059807,997.970528,106.500000,-15.000000,907.050190
42.900000,185.780941,235.604501,37.952030,-14.819007,761.354283,997.956513,105.000000,-15.000000,906.457476
43.000000,197.804549,235.640815,49.859874,15.000000,760.531647,997.722687,103.500000,-15.000000,906.047542
43.100000,185.781596,235.675439,37.870890,-15.000000,759.825973,997.676256,102.000000,-15.000000,905.390402
43.200000,197.795287,235.710680,49.929084,15.000000,758.988875,997.376155,100.500000,-15.000000,904.954312
43.300000,185.830051,235.743790,37.948503,-14.960726,758.103904,997.296707,99.000000,-15.000000,904.234921
43.400000,197.837686,235.787331,49.957280,15.000000,757.571942,997.002975,97.500000,-15.000000,903.671370
43.500000,185.842368,235.804762,37.967076,-14.990607,756.736146,996.910512,96.000000,-15.000000,903.129404
43.600000,197.841869,235.845347,50.002980,15.000000,756.009740,996.655380,94.500000,-15.000000,902.583422
43.700000,186.034310,235.874434,38.032564,-14.773645,755.207674,996.563497,93.000000,-15.000000,901.964585
43.800000,198.018022,235.913359,49.879048,15.000000,754.440224,996.321515,91.500000,-15.000000,901.438767
43.900000,186.140891,235.945160,37.927137,-14.820760,753.655982,996.238918,90.000000,-15.000000,900.808383
44.000000,198.149604,235.983566,49.842676,15.000000,752.799439,996.032026,88.500000,-15.000000,900.300989
44.100000,186.147515,236.021411,37.871807,-15.000000,751.895711,995.893217,87.000000,-15.000000,899.650521
44.200000,198.145670,236.064227,49.916712,15.000000,750.925620,995.589972,85.500000,-15.000000,899.030587
44.300000,186.296614,236.104768,37.959098,-14.807039,750.218285,995.459645,84.000000,-15.000000,898.237654
44.400000,198.278944,236.137601,49.840987,15.000000,749.403640,995.247368,82.500000,-15.000000,897.735159
44.500000,186.403199,236.173251,37.894307,-14.838619,748.514719,995.147463,81.000000,-15.000000,897.105141
44.600000,198.406219,236.216890,49.813690,15.000000,747.791703,994.885427,79.500000,-15.000000,896.527561
44.700000,186.415552,236.246003,37.839784,-15.000000,747.010167,994.802765,78.000000,-15.000000,895.907852
44.800000,198.404729,236.284643,49.869091,15.000000,746.455478,994.535685,76.500000,-15.000000,895.405085
44.900000,186.426082,236.304693,37.899964,-14.964817,745.591421,994.464724,75.000000,-15.000000,894.875090
45.000000,198.422016,236.348227,49.922145,15.000000,744.651429,994.247102,73.500000,-15.000000,894.336951
45.100000,186.628303,236.390663,37.968647,-14.768015,743.733833,994.290245,72.000000,-15.000000,893.635152
45.200000,198.621221,236.441218,49.812915,15.000000,742.987533,994.018972,70.500000,-15.000000,893.163516
45.300000,186.639723,236.471515,37.850294,-15.000000,742.091315,993.921646,69.000000,-15.000000,892.525035
45.400000,198.663404,236.516053,49.876330,15.000000,741.304092,993.660419,67.500000,-15.000000,891.949145
45.500000,186.647416,236.548995,37.885591,-15.000000,740.505183,993.566154,66.000000,-15.000000,891.297105
45.600000,198.633482,236.588528,49.941112,15.000000,739.730802,993.311162,64.500000,-15.000000,890.778289
45.700000,186.846932,236.621097,37.987616,-14.739552,738.878130,993.199498,63.000000,-15.000000,890.139170
45.800000,198.842418,236.663000,49.816068,15.000000,738.213366,992.993207,61.500000,-15.000000,889.577046
45.900000,186.835883,236.691487,37.849068,-15.000000,737.277946,992.923242,60.000000,-15.000000,889.039479
46.000000,198.829107,236.739423,49.903540,15.000000,736.432103,992.567620,58.500000,-15.000000,888.467636
46.100000,186.942289,236.772485,37.943378,-14.845905,735.635805,992.469477,57.000000,-15.000000,887.706518
46.200000,198.939117,236.812030,49.869740,15.000000,734.891170,992.208824,55.500000,-15.000000,887.188289
46.300000,186.987655,236.843082,37.903965,-14.938705,734.067197,992.114585,54.000000,-15.000000,886.562680
46.400000,198.992249,236.884356,49.896701,15.000000,733.210732,991.865935,52.500000,-15.000000,886.033356
46.500000,187.059175,236.921988,37.929739,-14.907166,732.599348,991.708810,51.000000,-15.000000,885.357373
46.600000,199.051204,236.949606,49.890431,15.000000,731.911201,991.483630,49.500000,-15.000000,884.892134
46.700000,187.137069,236.979020,37.927816,-14.883964,731.244989,991.402819,48.000000,-15.000000,884.328208
46.800000,199.117548,237.012375,49.875306,15.000000,730.234060,991.127386,46.500000,-15.000000,883.897550
46.900000,187.352177,237.057660,37.940112,-14.700997,729.351899,991.012555,45.000000,-15.000000,883.116388
47.000000,199.342956,237.101669,49.749493,15.000000,728.676255,990.724819,43.500000,-15.000000,882.540566
47.100000,187.339204,237.128371,37.785415,-15.000000,727.861277,990.632106,42.000000,-15.000000,881.932092
47.200000,199.343383,237.169595,49.830391,15.000000,727.088879,990.375056,40.500000,-15.000000,881.412115
47.300000,187.349334,237.202750,37.859367,-15.000000,726.247369,990.252379,39.000000,-15.000000,880.777510
47.400000,199.346262,237.244469,49.895135,15.000000,725.517200,989.988773,37.500000,-15.000000,880.218803
47.500000,187.450651,237.275177,37.928915,-14.903945,724.655974,989.896160,36.000000,-15.000000,879.602178
47.600000,199.464555,237.319138,49.868486,15.000000,723.980934,989.597753,34.500000,-15.000000,879.058940
47.700000,187.455474,237.345687,37.881132,-15.000000,723.194101,989.492244,33.000000,-15.000000,878.443375
47.800000,199.460311,237.385206,49.929732,15.000000,722.585735,989.196855,31.500000,-15.000000,877.930200
47.900000,187.484124,237.408273,37.947962,-14.968674,721.971978,989.070056,30.000000,-15.000000,877.353559
48.000000,199.474164,237.437597,49.953473,15.000000,721.293625,988.704048,28.500000,-15.000000,876.916242
48.100000,187.637154,237.462100,37.987936,-14.811317,720.612485,988.534864,27.000000,-15.000000,876.242747
48.200000,199.645258,237.493716,49.856562,15.000000,719.905050,988.250422,25.500000,-15.000000,875.733896
48.300000,187.647000,237.522769,37.877511,-15.000000,719.027465,988.200253,24.000000,-15.000000,875.113959
48.400000,199.647002,237.569504,49.922504,15.000000,718.400454,988.018641,22.500000,-15.000000,874.600696
48.500000,187.721080,237.597809,37.950808,-14.903968,717.513576,987.957689,21.000000,-15.000000,874.111263
48.600000,199.710665,237.644779,49.923698,15.000000,716.679633,987.682888,19.500000,-15.000000,873.584852
48.700000,187.904752,237.681366,37.970700,-14.761936,716.001766,987.533709,18.000000,-15.000000,872.906595
48.800000,199.885659,237.713750,49.808998,15.000000,715.229814,987.264858,16.500000,-15.000000,872.418258
48.900000,187.973695,237.747202,37.861543,-14.892412,714.297618,987.272730,15.000000,-15.000000,871.778786
49.000000,199.969616,237.799321,49.825626,15.000000,713.457107,986.967190,13.500000,-15.000000,871.288331
49.100000,188.013676,237.835414,37.865798,-14.960275,712.771015,986.860654,12.000000,-15.000000,870.582064
49.200000,200.021859,237.869923,49.856247,15.000000,712.083553,986.573878,10.500000,-15.000000,870.126793
49.300000,188.019642,237.898234,37.876376,-15.000000,711.258534,986.472671,9.000000,-15.000000,869.518423
49.400000,200.007042,237.940768,49.921126,15.000000,710.533894,986.196438,7.500000,-15.000000,868.994493
49.500000,188.182536,237.971614,37.964572,-14.792466,709.715562,986.080233,6.000000,-15.000000,868.375876
49.600000,200.174648,238.013349,49.830813,15.000000,708.900462,985.780912,4.500000,-15.000000,867.843596
49.700000,188.219655,238.048552,37.873904,-14.930602,708.180446,985.640676,3.000000,-15.000000,867.158108
49.800000,200.219929,238.084035,49.864379,15.000000,707.397454,985.374016,1.500000,-15.000000,866.658252
49.900000,188.275266,238.118679,37.898750,-14.945652,706.523558,985.246149,0.000000,-15.000000,866.018114
